{"cameraMode":{"drawMode":0,"name":"Shaded","section":"Shading Mode"},"sceneLighting":true,"audioPlay":false,"sceneViewState":{"showFog":true,"showMaterialUpdate":true,"showSkybox":false,"showFlares":true,"showImageEffects":true,"showParticleSystems":true},"in2DMode":false,"pivot":{"x":-5.913749694824219,"y":0.7499999403953552,"z":6.8589396476745609},"rotation":{"x":0.10331189632415772,"y":0.010160920210182667,"z":-0.0010560514638200403,"w":0.9946165680885315},"size":1.6854767799377442,"orthographic":false}