{"cameraMode":{"drawMode":0,"name":"Shaded","section":"Shading Mode"},"sceneLighting":true,"audioPlay":false,"sceneViewState":{"showFog":true,"showMaterialUpdate":true,"showSkybox":true,"showFlares":true,"showImageEffects":true,"showParticleSystems":true},"in2DMode":false,"pivot":{"x":-8.024328231811524,"y":-13.104537963867188,"z":15.912050247192383},"rotation":{"x":0.39033859968185427,"y":-0.04003008082509041,"z":0.0169911440461874,"w":0.9196516275405884},"size":11.745877265930176,"orthographic":false}