{"cameraMode":{"drawMode":0,"name":"Shaded","section":"Shading Mode"},"sceneLighting":false,"audioPlay":false,"sceneViewState":{"showFog":true,"showMaterialUpdate":true,"showSkybox":false,"showFlares":true,"showImageEffects":true,"showParticleSystems":true},"in2DMode":false,"pivot":{"x":-19.313331604003908,"y":-4.134162425994873,"z":6.1836090087890629},"rotation":{"x":-0.17153944075107575,"y":0.03667933866381645,"z":-0.006263502407819033,"w":-0.9845297336578369},"size":21.42449951171875,"orthographic":false}