{"cameraMode":{"drawMode":0,"name":"Shaded","section":"Shading Mode"},"sceneLighting":false,"audioPlay":false,"sceneViewState":{"showFog":true,"showMaterialUpdate":true,"showSkybox":false,"showFlares":true,"showImageEffects":true,"showParticleSystems":true},"in2DMode":false,"pivot":{"x":-30.920032501220704,"y":2.4836363792419435,"z":-9.670738220214844},"rotation":{"x":0.055471424013376239,"y":0.0014976939419284464,"z":-0.00008320731285493821,"w":0.9984581470489502},"size":1.51656174659729,"orthographic":false}