{"cameraMode":{"drawMode":0,"name":"Shaded","section":"Shading Mode"},"sceneLighting":false,"audioPlay":false,"sceneViewState":{"showFog":true,"showMaterialUpdate":true,"showSkybox":false,"showFlares":true,"showImageEffects":true,"showParticleSystems":true},"in2DMode":false,"pivot":{"x":-7.000000476837158,"y":0.375,"z":2.375000238418579},"rotation":{"x":0.13198904693126679,"y":0.0876038447022438,"z":-0.011717651039361954,"w":0.987310528755188},"size":1.7940876483917237,"orthographic":false}