{"cameraMode":{"drawMode":0,"name":"Shaded","section":"Shading Mode"},"sceneLighting":true,"audioPlay":false,"sceneViewState":{"showFog":true,"showMaterialUpdate":true,"showSkybox":true,"showFlares":true,"showImageEffects":true,"showParticleSystems":true},"in2DMode":false,"pivot":{"x":-10.191436767578125,"y":6.949215888977051,"z":13.91151237487793},"rotation":{"x":-0.42865708470344546,"y":0.06684264540672302,"z":-0.03182033821940422,"w":-0.9004326462745667},"size":1.8511600494384766,"orthographic":false}