{"cameraMode":{"drawMode":0,"name":"Shaded","section":"Shading Mode"},"sceneLighting":false,"audioPlay":false,"sceneViewState":{"showFog":true,"showMaterialUpdate":true,"showSkybox":false,"showFlares":true,"showImageEffects":true,"showParticleSystems":true},"in2DMode":false,"pivot":{"x":-14.398468017578125,"y":-2.5563957691192629,"z":11.27975082397461},"rotation":{"x":-0.2304529994726181,"y":-0.20314672589302064,"z":0.04933420568704605,"w":-0.9504261016845703},"size":0.8830400705337524,"orthographic":false}