{"cameraMode":{"drawMode":0,"name":"Shaded","section":"Shading Mode"},"sceneLighting":true,"audioPlay":false,"sceneViewState":{"showFog":true,"showMaterialUpdate":true,"showSkybox":true,"showFlares":true,"showImageEffects":true,"showParticleSystems":true},"in2DMode":false,"pivot":{"x":0.8982102870941162,"y":3.273286819458008,"z":39.465370178222659},"rotation":{"x":-0.041359204798936847,"y":0.036552783101797107,"z":-0.0015164701035246254,"w":-0.998479962348938},"size":20.624755859375,"orthographic":false}