{"cameraMode":{"drawMode":0,"name":"Shaded","section":"Shading Mode"},"sceneLighting":true,"audioPlay":false,"sceneViewState":{"showFog":true,"showMaterialUpdate":true,"showSkybox":true,"showFlares":true,"showImageEffects":true,"showParticleSystems":true},"in2DMode":false,"pivot":{"x":-4.415666580200195,"y":-2.7136735916137697,"z":12.710406303405762},"rotation":{"x":0.23337385058403016,"y":0.34921398758888247,"z":-0.09024185687303543,"w":0.9030308127403259},"size":17.381858825683595,"orthographic":false}