{"cameraMode":{"drawMode":0,"name":"Shaded","section":"Shading Mode"},"sceneLighting":false,"audioPlay":false,"sceneViewState":{"showFog":true,"showMaterialUpdate":true,"showSkybox":false,"showFlares":true,"showImageEffects":true,"showParticleSystems":true},"in2DMode":false,"pivot":{"x":-34.52421951293945,"y":1.8392467498779297,"z":14.098586082458496},"rotation":{"x":0.6659242510795593,"y":-0.06350401043891907,"z":-0.7411538362503052,"w":-0.05711515620350838},"size":10.0,"orthographic":false}