{"cameraMode":{"drawMode":0,"name":"Shaded","section":"Shading Mode"},"sceneLighting":false,"audioPlay":false,"sceneViewState":{"showFog":true,"showMaterialUpdate":true,"showSkybox":false,"showFlares":true,"showImageEffects":true,"showParticleSystems":true},"in2DMode":false,"pivot":{"x":0.17750446498394013,"y":0.06168946251273155,"z":0.34268897771835329},"rotation":{"x":0.3199031949043274,"y":0.16512641310691834,"z":-0.05673322081565857,"w":0.9312310218811035},"size":1.3691641092300416,"orthographic":false}