{"cameraMode":{"drawMode":0,"name":"Shaded","section":"Shading Mode"},"sceneLighting":false,"audioPlay":false,"sceneViewState":{"showFog":true,"showMaterialUpdate":true,"showSkybox":false,"showFlares":true,"showImageEffects":true,"showParticleSystems":true},"in2DMode":false,"pivot":{"x":-8.701000213623047,"y":1.125,"z":2.7740001678466799},"rotation":{"x":0.08447569608688355,"y":-0.14593899250030518,"z":0.012507574632763863,"w":0.9856185913085938},"size":0.4817696809768677,"orthographic":false}