{"cameraMode":{"drawMode":0,"name":"Shaded","section":"Shading Mode"},"sceneLighting":true,"audioPlay":false,"sceneViewState":{"showFog":true,"showMaterialUpdate":true,"showSkybox":true,"showFlares":true,"showImageEffects":true,"showParticleSystems":true},"in2DMode":false,"pivot":{"x":-6.373088836669922,"y":4.158015727996826,"z":9.663904190063477},"rotation":{"x":0.02905711904168129,"y":0.02952617220580578,"z":-0.001205621985718608,"w":0.9991731643676758},"size":17.230056762695314,"orthographic":false}