{"cameraMode":{"drawMode":0,"name":"Shaded","section":"Shading Mode"},"sceneLighting":false,"audioPlay":false,"sceneViewState":{"showFog":true,"showMaterialUpdate":true,"showSkybox":false,"showFlares":true,"showImageEffects":true,"showParticleSystems":true},"in2DMode":false,"pivot":{"x":-16.66798973083496,"y":-1.1759977340698243,"z":2.9713611602783205},"rotation":{"x":0.05139258876442909,"y":0.8636674880981445,"z":-0.0899844542145729,"w":0.49335208535194399},"size":12.828374862670899,"orthographic":false}