{"cameraMode":{"drawMode":0,"name":"Shaded","section":"Shading Mode"},"sceneLighting":false,"audioPlay":false,"sceneViewState":{"showFog":true,"showMaterialUpdate":true,"showSkybox":false,"showFlares":true,"showImageEffects":true,"showParticleSystems":true},"in2DMode":false,"pivot":{"x":-8.79721450805664,"y":1.5000486373901368,"z":17.428197860717775},"rotation":{"x":-0.06374799460172653,"y":-0.21975074708461762,"z":0.014434880577027798,"w":-0.9735287427902222},"size":5.196808815002441,"orthographic":false}