{"cameraMode":{"drawMode":0,"name":"Shaded","section":"Shading Mode"},"sceneLighting":false,"audioPlay":false,"sceneViewState":{"showFog":true,"showMaterialUpdate":true,"showSkybox":false,"showFlares":true,"showImageEffects":true,"showParticleSystems":true},"in2DMode":false,"pivot":{"x":0.00001430511474609375,"y":-0.00000667572021484375,"z":0.00001621246337890625},"rotation":{"x":0.6659242510795593,"y":-0.06350401043891907,"z":-0.7411538362503052,"w":-0.05711515620350838},"size":1.140256404876709,"orthographic":false}