{"cameraMode":{"drawMode":0,"name":"Shaded","section":"Shading Mode"},"sceneLighting":false,"audioPlay":false,"sceneViewState":{"showFog":true,"showMaterialUpdate":true,"showSkybox":false,"showFlares":true,"showImageEffects":true,"showParticleSystems":true},"in2DMode":false,"pivot":{"x":-15.293190002441407,"y":-2.675909996032715,"z":11.383886337280274},"rotation":{"x":-0.2304529994726181,"y":-0.20314672589302064,"z":0.04933420568704605,"w":-0.9504261016845703},"size":0.6051110625267029,"orthographic":false}