{"cameraMode":{"drawMode":0,"name":"Shaded","section":"Shading Mode"},"sceneLighting":false,"audioPlay":false,"sceneViewState":{"showFog":true,"showMaterialUpdate":true,"showSkybox":false,"showFlares":true,"showImageEffects":true,"showParticleSystems":true},"in2DMode":false,"pivot":{"x":-2.7509002685546877,"y":0.6548075675964356,"z":-1.4090251922607422},"rotation":{"x":0.12962354719638825,"y":0.23443672060966493,"z":-0.03156817704439163,"w":0.9629514217376709},"size":2.880429744720459,"orthographic":false}