{"cameraMode":{"drawMode":0,"name":"Shaded","section":"Shading Mode"},"sceneLighting":false,"audioPlay":false,"sceneViewState":{"showFog":true,"showMaterialUpdate":true,"showSkybox":false,"showFlares":true,"showImageEffects":true,"showParticleSystems":true},"in2DMode":false,"pivot":{"x":-3.4170000553131105,"y":2.4624998569488527,"z":8.125},"rotation":{"x":0.057919591665267947,"y":0.333876371383667,"z":-0.020560767501592637,"w":0.9406168460845947},"size":1.0392308235168458,"orthographic":false}