{"cameraMode":{"drawMode":0,"name":"Shaded","section":"Shading Mode"},"sceneLighting":false,"audioPlay":false,"sceneViewState":{"showFog":true,"showMaterialUpdate":true,"showSkybox":false,"showFlares":true,"showImageEffects":true,"showParticleSystems":true},"in2DMode":false,"pivot":{"x":-15.920968055725098,"y":4.592268943786621,"z":34.32807922363281},"rotation":{"x":0.27108150720596316,"y":-0.16927558183670045,"z":-0.9463417530059815,"w":-0.04852652922272682},"size":7.160253524780273,"orthographic":false}