{"cameraMode":{"drawMode":0,"name":"Shaded","section":"Shading Mode"},"sceneLighting":false,"audioPlay":false,"sceneViewState":{"showFog":true,"showMaterialUpdate":true,"showSkybox":false,"showFlares":true,"showImageEffects":true,"showParticleSystems":true},"in2DMode":false,"pivot":{"x":-30.860485076904298,"y":1.918543815612793,"z":-17.25},"rotation":{"x":-0.2770129144191742,"y":-0.028550393879413606,"z":0.008232510648667813,"w":-0.9604150652885437},"size":1.3726446628570557,"orthographic":false}