{"cameraMode":{"drawMode":0,"name":"Shaded","section":"Shading Mode"},"sceneLighting":false,"audioPlay":false,"sceneViewState":{"m_AlwaysRefresh":false,"showFog":true,"showSkybox":false,"showFlares":true,"showImageEffects":true,"showParticleSystems":true,"showVisualEffectGraphs":true,"m_FxEnabled":false},"in2DMode":false,"pivot":{"x":-20.411531448364259,"y":3.28117036819458,"z":10.68299674987793},"rotation":{"x":0.041995346546173099,"y":0.2024020552635193,"z":-0.008688043802976609,"w":0.9783653020858765},"size":3.8375866413116457,"orthographic":false}